Unnamed: 0,Country Code,Country,Year,Inmigrantes,Diff,Poblacion Total,Stock de Inmigrantes cambio anual (% de Poblacion Receptor),% Inmigrantes
496,BEL,Belgium,1990,"1280583,0","1484,0","9967379,0","0,00014833345761091574","0,12847740614659078"
497,BEL,Belgium,1991,"1282067,0","1484,0","10004486,0","0,00014833345761091574","0,12814921226337864"
498,BEL,Belgium,1992,"1283551,0","1484,0","10045158,0","0,00014773286791506913","0,12777807974747635"
499,BEL,Belgium,1993,"1285035,0","1484,0","10084475,0","0,00014715689215353303","0,12742705991139847"
500,BEL,Belgium,1994,"1286519,0","1484,0","10115603,0","0,00014670405708883593","0,12718164206325613"
501,BEL,Belgium,1995,"1288003,0","1484,0","10136811,0","0,00014639712627570939","0,12706195271866072"
502,BEL,Belgium,1996,"1284076,0","-3927,0","10156637,0","-0,0003866437286278913","0,12642728099862188"
503,BEL,Belgium,1997,"1280149,0","-3927,0","10181245,0","-0,00038570921336241295","0,12573599790595355"
504,BEL,Belgium,1998,"1276222,0","-3927,0","10203008,0","-0,00038488649621758604","0,12508291672416605"
505,BEL,Belgium,1999,"1272295,0","-3927,0","10226419,0","-0,00038400538839646606","0,12441256318560778"
506,BEL,Belgium,2000,"1268368,0","-3927,0","10251250,0","-0,00038307523472747224","0,12372813071576637"
507,BEL,Belgium,2001,"1264441,0","-3927,0","10286570,0","-0,0003817599063633456","0,12292153749986633"
508,BEL,Belgium,2002,"1260514,0","-3927,0","10332785,0","-0,00038005242536257164","0,12199169923694338"
509,BEL,Belgium,2003,"1256587,0","-3927,0","10376133,0","-0,0003784646939278824","0,12110359418099209"
510,BEL,Belgium,2004,"1252660,0","-3927,0","10421137,0","-0,0003768302825305914","0,12020377430984738"
511,BEL,Belgium,2005,"1248733,0","-3927,0","10478617,0","-0,00037476319632638545","0,11916963851241055"
512,BEL,Belgium,2006,"1299747,6","51014,60000000009","10547958,0","0,004836443224366279","0,12322267494808001"
513,BEL,Belgium,2007,"1350762,2","51014,59999999986","10625700,0","0,004801057812661741","0,12712218489134833"
514,BEL,Belgium,2008,"1401776,8","51014,60000000009","10709973,0","0,0047632799821250805","0,13088518523809536"
515,BEL,Belgium,2009,"1452791,4","51014,59999999986","10796493,0","0,004725108421781023","0,13456141730467475"
516,BEL,Belgium,2010,"1503806,0","51014,60000000009","10895586,0","0,00468213458183893","0,1380197448765032"
517,BEL,Belgium,2011,"1559742,4","55936,39999999991","11038264,0","0,005067499744525037","0,1413032339143184"
518,BEL,Belgium,2012,"1615678,8","55936,40000000014","11106932,0","0,005036170204337268","0,14546580459842556"
519,BEL,Belgium,2013,"1671615,2","55936,39999999991","11159407,0","0,0050124885668207915","0,14979426774200458"
520,BEL,Belgium,2014,"1727551,6","55936,40000000014","11209057,0","0,004990285980346084","0,15412104693552722"
521,BEL,Belgium,2015,"1783488,0","55936,39999999991","11274196,0","0,004961453570613807","0,15819203427011558"
522,BEL,Belgium,2016,"1827886,2","44398,19999999995","11331422,0","0,003918149019602302","0,16131128114370819"
523,BEL,Belgium,2017,"1872284,4","44398,19999999995","11375158,0","0,0039030842472693524","0,16459414453847585"
524,BEL,Belgium,2018,"1916682,6","44398,200000000186","11427054,0","0,003885358378458716","0,16773199811604986"
525,BEL,Belgium,2019,"1961080,8","44398,19999999995","11488980,0","0,0038644161622702756","0,1706923330008408"
526,BEL,Belgium,2020,"2005479,0","44398,19999999995","11538604,0","0,0038477964925393016","0,1738060340748326"
1147,DNK,Denmark,1990,"235189,0","13583,799999999988","5140939,0","0,0026354316339489855","0,04574825727362258"
1148,DNK,Denmark,1991,"248772,8","13583,799999999988","5154298,0","0,0026354316339489855","0,04826511777161507"
1149,DNK,Denmark,1992,"262356,6","13583,799999999988","5171370,0","0,0026267314077314113","0,050732513821289134"
1150,DNK,Denmark,1993,"275940,4","13583,800000000047","5188628,0","0,0026179945835392415","0,05318176596973227"
1151,DNK,Denmark,1994,"289524,2","13583,799999999988","5206180,0","0,0026091683345562367","0,055611638475811444"
1152,DNK,Denmark,1995,"303108,0","13583,799999999988","5233373,0","0,0025956108995097405","0,05791828711616772"
1153,DNK,Denmark,1996,"316691,6","13583,599999999977","5263074,0","0,0025809251399467265","0,060172363147468565"
1154,DNK,Denmark,1997,"330275,2","13583,600000000035","5284991,0","0,002570221973887947","0,062493048710962805"
1155,DNK,Denmark,1998,"343858,8","13583,599999999977","5304219,0","0,0025609048193522884","0,06482741380022204"
1156,DNK,Denmark,1999,"357442,4","13583,600000000035","5321799,0","0,0025524451412013184","0,06716570843806766"
1157,DNK,Denmark,2000,"371026,0","13583,599999999977","5339616,0","0,0025439282525185286","0,0694855210561958"
1158,DNK,Denmark,2001,"384897,4","13871,400000000023","5358783,0","0,0025885354939731695","0,07182552456406614"
1159,DNK,Denmark,2002,"398768,8","13871,399999999965","5375931,0","0,002580278653130028","0,07417669609226756"
1160,DNK,Denmark,2003,"412640,2","13871,400000000023","5390574,0","0,0025732695627589982","0,07654847146148072"
1161,DNK,Denmark,2004,"426511,6","13871,399999999965","5404523,0","0,0025666279891860882","0,07891752889200397"
1162,DNK,Denmark,2005,"440383,0","13871,400000000023","5419432,0","0,002559567128068038","0,0812599918220212"
1163,DNK,Denmark,2006,"452460,8","12077,799999999988","5437272,0","0,0022212977390132383","0,08321467088642981"
1164,DNK,Denmark,2007,"464538,6","12077,799999999988","5461438,0","0,0022114688475818986","0,08505792796695669"
1165,DNK,Denmark,2008,"476616,4","12077,800000000047","5493621,0","0,002198513512308193","0,08675815095362421"
1166,DNK,Denmark,2009,"488694,2","12077,799999999988","5523095,0","0,002186781143543609","0,08848194716911442"
1167,DNK,Denmark,2010,"500772,0","12077,799999999988","5547683,0","0,0021770890658316254","0,09026687357586942"
1168,DNK,Denmark,2011,"519792,8","19020,79999999999","5570572,0","0,0034145147033374647","0,09331048947935687"
1169,DNK,Denmark,2012,"538813,6","19020,79999999999","5591572,0","0,0034016909734865238","0,09636173870246148"
1170,DNK,Denmark,2013,"557834,4","19020,800000000047","5614932,0","0,0033875387983327396","0,09934838035438363"
1171,DNK,Denmark,2014,"576855,2","19020,79999999993","5643475,0","0,003370405645457795","0,10221631175826949"
1172,DNK,Denmark,2015,"595876,0","19020,800000000047","5683483,0","0,0033466801959291595","0,10484345602863596"
1173,DNK,Denmark,2016,"620215,6","24339,599999999977","5728010,0","0,004249224425236684","0,10827767409623935"
1174,DNK,Denmark,2017,"644555,2","24339,599999999977","5764980,0","0,0042219747509965305","0,11180527946324184"
1175,DNK,Denmark,2018,"668894,8","24339,600000000093","5793636,0","0,004201092371008481","0,11545336986997458"
1176,DNK,Denmark,2019,"693234,4","24339,599999999977","5814422,0","0,004186073869423303","0,11922670903487914"
1177,DNK,Denmark,2020,"717574,0","24339,599999999977","5831404,0","0,004173883339243856","0,1230533847423365"
1612,DEU,Germany,1990,"5936181,0","305645,0","79433029,0","0,003819898983546558","0,07473189773488305"
1613,DEU,Germany,1991,"6241826,0","305645,0","80013896,0","0,003819898983546558","0,07800927478896916"
1614,DEU,Germany,1992,"6547471,0","305645,0","80624598,0","0,0037909646383601195","0,08120934754924297"
1615,DEU,Germany,1993,"6853116,0","305645,0","81156363,0","0,003766124906312029","0,08444336028217529"
1616,DEU,Germany,1994,"7158761,0","305645,0","81438348,0","0,0037530844805447184","0,08790405473352676"
1617,DEU,Germany,1995,"7464406,0","305645,0","81678051,0","0,003742070192149908","0,09138815028776825"
1618,DEU,Germany,1996,"7770051,0","305645,0","81914831,0","0,0037312535015789753","0,0948552405607722"
1619,DEU,Germany,1997,"8075696,0","305645,0","82034771,0","0,0037257981740450035","0,09844235440115996"
1620,DEU,Germany,1998,"8381341,0","305645,0","82047195,0","0,0037252339948976925","0,10215268175834652"
1621,DEU,Germany,1999,"8686986,0","305645,0","82100243,0","0,003722826983593703","0,10580950412046893"
1622,DEU,Germany,2000,"8992631,0","305645,0","82211508,0","0,003717788512041404","0,1093840901203272"
1623,DEU,Germany,2001,"9074594,2","81963,19999999925","82349925,0","0,0009953038815760822","0,11019553691153938"
1624,DEU,Germany,2002,"9156557,4","81963,20000000112","82488495,0","0,0009936318998182852","0,11100405456542758"
1625,DEU,Germany,2003,"9238520,6","81963,19999999925","82534176,0","0,0009930819446237551","0,11193569800708981"
1626,DEU,Germany,2004,"9320483,8","81963,20000000112","82516260,0","0,000993297563413576","0,11295329914370816"
1627,DEU,Germany,2005,"9402447,0","81963,19999999925","82469422,0","0,0009938617006434124","0,11401131197451583"
1628,DEU,Germany,2006,"9484410,2","81963,19999999925","82376451,0","0,0009949833842683906","0,11513496982286842"
1629,DEU,Germany,2007,"9566373,4","81963,20000000112","82266372,0","0,0009963147517919122","0,11628534439321088"
1630,DEU,Germany,2008,"9648336,6","81963,19999999925","82110097,0","0,0009982109751983273","0,11750487397426895"
1631,DEU,Germany,2009,"9730299,8","81963,20000000112","81902307,0","0,0010007434833307091","0,1188037328423484"
1632,DEU,Germany,2010,"9812263,0","81963,19999999925","81776930,0","0,0010022777817655817","0,11998815558373248"
1633,DEU,Germany,2011,"9893894,0","81631,0","80274983,0","0,0010168921493262726","0,12325002921520395"
1634,DEU,Germany,2012,"9975525,0","81631,0","80425823,0","0,0010149849507912403","0,12403385663830882"
1635,DEU,Germany,2013,"10057156,0","81631,0","80645605,0","0,0010122188307719931","0,1247080482563185"
1636,DEU,Germany,2014,"10138787,0","81631,0","80982500,0","0,0010080079029419937","0,12519725866699596"
1637,DEU,Germany,2015,"10220418,0","81631,0","81686611,0","0,0009993192152383454","0,12511741979355712"
1638,DEU,Germany,2016,"11328825,8","1108407,8000000007","82348669,0","0,013459935824827973","0,13757145000121376"
1639,DEU,Germany,2017,"12437233,6","1108407,7999999989","82657002,0","0,013409726619409677","0,1504679978593949"
1640,DEU,Germany,2018,"13545641,4","1108407,8000000007","82905782,0","0,013369487305481308","0,1633859674588197"
1641,DEU,Germany,2019,"14654049,2","1108407,7999999989","83092962,0","0,013339370427064555","0,176357285229524"
1642,DEU,Germany,2020,"15762457,0","1108407,8000000007","83160871,0","0,013328477524002853","0,18954174974910978"
3238,MAR,Morocco,1990,"54895,0","-907,0","24570814,0","-3,629730219801175e-05","0,002234154717055772"
3239,MAR,Morocco,1991,"53988,0","-907,0","24988083,0","-3,629730219801175e-05","0,002160549890922005"
3240,MAR,Morocco,1992,"53081,0","-907,0","25400676,0","-3,57077110861144e-05","0,00208974753270346"
3241,MAR,Morocco,1993,"52174,0","-907,0","25806777,0","-3,514580685530781e-05","0,0020217170086756667"
3242,MAR,Morocco,1994,"51267,0","-907,0","26201551,0","-3,461627138027058e-05","0,0019566398950962866"
3243,MAR,Morocco,1995,"50360,0","-907,0","26599048,0","-3,409896474490365e-05","0,001893300842947462"
3244,MAR,Morocco,1996,"50894,8","534,8000000000029","26999093,0","1,9808072811927532e-05","0,0018850559165080102"
3245,MAR,Morocco,1997,"51429,6","534,7999999999956","27397118,0","1,952030136892485e-05","0,0018771901482484397"
3246,MAR,Morocco,1998,"51964,4","534,8000000000029","27791825,0","1,9243068780118e-05","0,0018697728558667883"
3247,MAR,Morocco,1999,"52499,2","534,7999999999956","28176997,0","1,898002118536605e-05","0,0018631935830493221"
3248,MAR,Morocco,2000,"53034,0","534,8000000000029","28554415,0","1,8729152742229282e-05","0,0018572959733197125"
3249,MAR,Morocco,2001,"53671,6","637,5999999999985","28930097,0","2,2039331565324462e-05","0,0018552167315581416"
3250,MAR,Morocco,2002,"54309,2","637,5999999999985","29301817,0","2,1759742749058824e-05","0,0018534413753249499"
3251,MAR,Morocco,2003,"54946,8","637,6000000000058","29661270,0","2,149604517945475e-05","0,0018524763100163952"
3252,MAR,Morocco,2004,"55584,4","637,5999999999985","30033125,0","2,1229891994256293e-05","0,00185076977504006"
3253,MAR,Morocco,2005,"56222,0","637,5999999999985","30431902,0","2,09516973339359e-05","0,0018474691460297157"
3254,MAR,Morocco,2006,"59215,4","2993,4000000000015","30833022,0","9,708422353151117e-05","0,0019205188515092682"
3255,MAR,Morocco,2007,"62208,8","2993,4000000000015","31232633,0","9,584206365182217e-05","0,001991788524521772"
3256,MAR,Morocco,2008,"65202,2","2993,399999999994","31634992,0","9,46230680254319e-05","0,002061078441240004"
3257,MAR,Morocco,2009,"68195,6","2993,4000000000087","32042877,0","9,341857786365465e-05","0,0021282608300122368"
3258,MAR,Morocco,2010,"71189,0","2993,399999999994","32464865,0","9,220429532049476e-05","0,0021928013561738203"
3259,MAR,Morocco,2011,"75436,0","4247,0","32903699,0","0,00012907363394006247","0,0022926297739351434"
3260,MAR,Morocco,2012,"79683,0","4247,0","33352169,0","0,0001273380450908605","0,0023891399686778994"
3261,MAR,Morocco,2013,"83930,0","4247,0","33803527,0","0,00012563777738340735","0,0024828770086624393"
3262,MAR,Morocco,2014,"88177,0","4247,0","34248603,0","0,00012400505795813043","0,0025746159631678993"
3263,MAR,Morocco,2015,"92424,0","4247,0","34680458,0","0,00012246089714270785","0,002665016707680158"
3264,MAR,Morocco,2016,"94410,8","1986,800000000003","35107264,0","5,659227674363923e-05","0,0026892098455749787"
3265,MAR,Morocco,2017,"96397,6","1986,800000000003","35528115,0","5,592190860674716e-05","0,0027132765135442737"
3266,MAR,Morocco,2018,"98384,4","1986,7999999999884","35927511,0","5,5300240531552225e-05","0,0027384140248401844"
3267,MAR,Morocco,2019,"100371,2","1986,800000000003","36304408,0","5,4726136837157705e-05","0,0027647111061554837"
3268,MAR,Morocco,2020,"102358,0","1986,800000000003","36688772,0","5,415280729483132e-05","0,0027898998636422066"
3827,POL,Poland,1990,"1127771,0","-32609,199999999953","38110782,0","-0,0008526129646419959","0,02959191443513282"
3828,POL,Poland,1991,"1095161,8","-32609,199999999953","38246193,0","-0,0008526129646419959","0,02863453102378059"
3829,POL,Poland,1992,"1062552,6","-32609,199999999953","38363667,0","-0,0008500021648086965","0,02769684660228127"
3830,POL,Poland,1993,"1029943,4","-32609,20000000007","38461408,0","-0,0008478420758803232","0,02677861923307644"
3831,POL,Poland,1994,"997334,2","-32609,20000000007","38542652,0","-0,0008460549108037525","0,02587611770980367"
3832,POL,Poland,1995,"964725,0","-32609,199999999953","38594998,0","-0,000844907415204425","0,02499611478150614"
3833,POL,Poland,1996,"936830,2","-27894,800000000047","38624370,0","-0,0007222072489467154","0,024254899173759985"
3834,POL,Poland,1997,"908935,4","-27894,79999999993","38649660,0","-0,0007217346802015835","0,023517293554458175"
3835,POL,Poland,1998,"881040,6","-27894,800000000047","38663481,0","-0,0007214766823504601","0,022787410166197918"
3836,POL,Poland,1999,"853145,8","-27894,79999999993","38660271,0","-0,0007215365872629276","0,022067765639821824"
3837,POL,Poland,2000,"825251,0","-27894,800000000047","38258629,0","-0,0007291113332890221","0,02157032339031281"
3838,POL,Poland,2001,"804702,6","-20548,400000000023","38248076,0","-0,0005372400954233626","0,021039034747787053"
3839,POL,Poland,2002,"784154,2","-20548,400000000023","38230364,0","-0,0005374889969658679","0,020511293065375993"
3840,POL,Poland,2003,"763605,8","-20548,399999999907","38204570,0","-0,0005378518852587506","0,01998728947871943"
3841,POL,Poland,2004,"743057,4","-20548,400000000023","38182222,0","-0,0005381666891989687","0,019460821321504024"
3842,POL,Poland,2005,"722509,0","-20548,400000000023","38165445,0","-0,0005384032598073997","0,01893097276869168"
3843,POL,Poland,2006,"706490,6","-16018,400000000023","38141267,0","-0,00041997556085381283","0,018522997675981766"
3844,POL,Poland,2007,"690472,2","-16018,400000000023","38120560,0","-0,0004202036906068542","0,01811285563485951"
3845,POL,Poland,2008,"674453,8","-16018,399999999907","38125759,0","-0,0004201463897413795","0,017690239294645912"
3846,POL,Poland,2009,"658435,4","-16018,400000000023","38151603,0","-0,00041986178143025926","0,0172583940968352"
3847,POL,Poland,2010,"642417,0","-16018,400000000023","38042794,0","-0,00042106265906757595","0,016886693443178752"
3848,POL,Poland,2011,"636304,6","-6112,400000000023","38063255,0","-0,0001605853204094086","0,0167170306375532"
3849,POL,Poland,2012,"630192,2","-6112,400000000023","38063164,0","-0,00016058570433083344","0,01655648489967886"
3850,POL,Poland,2013,"624079,8","-6112,399999999907","38040196,0","-0,00016068266314926208","0,016405798750353442"
3851,POL,Poland,2014,"617967,4","-6112,400000000023","38011735,0","-0,000160802973081866","0,016257279495397934"
3852,POL,Poland,2015,"611855,0","-6112,400000000023","37986412,0","-0,00016091016966803876","0,01610720696653319"
3853,POL,Poland,2016,"652934,8","41079,80000000005","37970087,0","0,001081899022248752","0,017196031181071565"
3854,POL,Poland,2017,"694014,6","41079,79999999993","37974826,0","0,0010817640086092806","0,01827564924194781"
3855,POL,Poland,2018,"735094,4","41079,80000000005","37974750,0","0,001081766173575864","0,019357451991125683"
3856,POL,Poland,2019,"776174,2","41079,79999999993","37965475,0","0,0010820304500338777","0,020444211484249835"
3857,POL,Poland,2020,"817254,0","41079,80000000005","37899070,0","0,001083926333812414","0,021563959221162946"
3920,ROU,Romania,1990,"135825,0","-157,60000000000582","23201835,0","-6,851829832023906e-06","0,005854062835978275"
3921,ROU,Romania,1991,"135667,4","-157,60000000000582","23001155,0","-6,851829832023906e-06","0,005898286412138868"
3922,ROU,Romania,1992,"135509,8","-157,60000000000582","22794284,0","-6,9140140572086325e-06","0,005944902678232841"
3923,ROU,Romania,1993,"135352,2","-157,59999999997672","22763280,0","-6,923431069686649e-06","0,005946076312376776"
3924,ROU,Romania,1994,"135194,6","-157,60000000000582","22730211,0","-6,9335036089196806e-06","0,005947793445472195"
3925,ROU,Romania,1995,"135037,0","-157,60000000000582","22684270,0","-6,947545589961935e-06","0,005952891585226238"
3926,ROU,Romania,1996,"134880,4","-156,60000000000582","22619004,0","-6,923381772248054e-06","0,005963144973138516"
3927,ROU,Romania,1997,"134723,8","-156,60000000000582","22553978,0","-6,943342766407142e-06","0,005973394139162501"
3928,ROU,Romania,1998,"134567,2","-156,59999999997672","22507344,0","-6,957728997254261e-06","0,005978812959894335"
3929,ROU,Romania,1999,"134410,6","-156,60000000000582","22472040,0","-6,968659721147071e-06","0,005981237128449398"
3930,ROU,Romania,2000,"134254,0","-156,60000000000582","22442971,0","-6,9776857974822414e-06","0,005982006571233372"
3931,ROU,Romania,2001,"136435,6","2181,600000000006","22131970,0","9,857233675990008e-05","0,006164638755610097"
3932,ROU,Romania,2002,"138617,2","2181,600000000006","21730496,0","0,0001003934746818483","0,0063789248068704925"
3933,ROU,Romania,2003,"140798,8","2181,5999999999767","21574326,0","0,0001011201925844625","0,0065262201006881975"
3934,ROU,Romania,2004,"142980,4","2181,600000000006","21451748,0","0,00010169800614849689","0,006665209753536168"
3935,ROU,Romania,2005,"145162,0","2181,600000000006","21319685,0","0,0001023279659150689","0,006808824802055002"
3936,ROU,Romania,2006,"151571,8","6409,799999999988","21193760,0","0,00030243807611296856","0,007151718241595639"
3937,ROU,Romania,2007,"157981,6","6409,8000000000175","20882982,0","0,00030693892280326716","0,007565088166048317"
3938,ROU,Romania,2008,"164391,4","6409,799999999988","20537875,0","0,00031209655331917194","0,008004304242770977"
3939,ROU,Romania,2009,"170801,2","6409,8000000000175","20367487,0","0,00031470745507288243","0,00838597319345288"
3940,ROU,Romania,2010,"177211,0","6409,799999999988","20246871,0","0,0003165822511537703","0,008752512919156743"
3941,ROU,Romania,2011,"197978,4","20767,399999999994","20147528,0","0,0010307666528618297","0,009826436275457713"
3942,ROU,Romania,2012,"218745,8","20767,399999999994","20058035,0","0,0010353656277895613","0,010905644545938821"
3943,ROU,Romania,2013,"239513,2","20767,400000000023","19983693,0","0,0010392173258466301","0,011985432322243942"
3944,ROU,Romania,2014,"260280,6","20767,399999999994","19908979,0","0,0010431172788921016","0,013073528280882712"
3945,ROU,Romania,2015,"281048,0","20767,399999999994","19815616,0","0,0010480320167689965","0,014183157364373634"
3946,ROU,Romania,2016,"365900,4","84852,40000000002","19702267,0","0,004306732824197339","0,01857148723037811"
3947,ROU,Romania,2017,"450752,8","84852,39999999997","19588715,0","0,004331698123128545","0,023010840680463215"
3948,ROU,Romania,2018,"535605,2","84852,39999999997","19473970,0","0,004357221460236406","0,027503647176204953"
3949,ROU,Romania,2019,"620457,6","84852,40000000002","19371648,0","0,0043802365188547725","0,03202915931571748"
3950,ROU,Romania,2020,"705310,0","84852,40000000002","19265250,0","0,004404427661203463","0,03661047741399671"
4268,ESP,Spain,1990,"821605,0","39692,40000000002","38867322,0","0,001018632063705386","0,021138708758992965"
4269,ESP,Spain,1991,"861297,4","39692,40000000002","38966376,0","0,001018632063705386","0,02210360542638094"
4270,ESP,Spain,1992,"900989,8","39692,40000000002","39157685,0","0,0010136554293237719","0,023009271360142972"
4271,ESP,Spain,1993,"940682,2","39692,39999999991","39361262,0","0,0010084127892037585","0,023898679874644262"
4272,ESP,Spain,1994,"980374,6","39692,40000000002","39549108,0","0,0010036231411338031","0,024788791696642058"
4273,ESP,Spain,1995,"1020067,0","39692,40000000002","39724050,0","0,0009992032534447022","0,025678826806430865"
4274,ESP,Spain,1996,"1147510,6","127443,6000000001","39889852,0","0,0031948877624314097","0,028766980634573426"
4275,ESP,Spain,1997,"1274954,2","127443,59999999986","40057389,0","0,0031815253859905812","0,0318281902996723"
4276,ESP,Spain,1998,"1402397,8","127443,6000000001","40223509,0","0,0031683859307252405","0,03486512825124233"
4277,ESP,Spain,1999,"1529841,4","127443,59999999986","40386875,0","0,003155569724074959","0,0378796675900277"
4278,ESP,Spain,2000,"1657285,0","127443,6000000001","40567864,0","0,0031414915017463105","0,04085216318019603"
4279,ESP,Spain,2001,"2147273,2","489988,2000000002","40850412,0","0,01199469420283938","0,052564297270735"
4280,ESP,Spain,2002,"2637261,4","489988,1999999997","41431558,0","0,011826448814693373","0,06365344503820011"
4281,ESP,Spain,2003,"3127249,6","489988,2000000002","42187645,0","0,011614495191660976","0,07412714314818948"
4282,ESP,Spain,2004,"3617237,8","489988,1999999997","42921895,0","0,011415810042869722","0,08427488581293999"
4283,ESP,Spain,2005,"4107226,0","489988,2000000002","43653155,0","0,011224577009382258","0,09408772401444981"
4284,ESP,Spain,2006,"4541793,2","434567,2000000002","44397319,0","0,009788140585696182","0,10229881673710974"
4285,ESP,Spain,2007,"4976360,4","434567,2000000002","45226803,0","0,00960862079948477","0,11003122197251042"
4286,ESP,Spain,2008,"5410927,6","434567,19999999925","45954106,0","0,009456547800102983","0,11774633587692904"
4287,ESP,Spain,2009,"5845494,8","434567,2000000002","46362946,0","0,009373157607370338","0,12608117698129018"
4288,ESP,Spain,2010,"6280062,0","434567,2000000002","46576897,0","0,00933010200314547","0,1348321250340056"
4289,ESP,Spain,2011,"6202291,2","-77770,79999999981","46742697,0","-0,0016638064337622584","0,13269005851331173"
4290,ESP,Spain,2012,"6124520,4","-77770,79999999981","46773055,0","-0,001662726542022962","0,13094120963447867"
4291,ESP,Spain,2013,"6046749,6","-77770,80000000075","46620045,0","-0,0016681837179694002","0,1297027834271717"
4292,ESP,Spain,2014,"5968978,8","-77770,79999999981","46480882,0","-0,0016731782327194182","0,12841793320531222"
4293,ESP,Spain,2015,"5891208,0","-77770,79999999981","46444832,0","-0,001674476936422115","0,1268431329453404"
4294,ESP,Spain,2016,"6081406,8","190198,7999999998","46484062,0","0,004091699215098711","0,1308277835099695"
4295,ESP,Spain,2017,"6271605,6","190198,7999999998","46593236,0","0,004082111832713225","0,13460334886377068"
4296,ESP,Spain,2018,"6461804,4","190198,80000000075","46797754,0","0,004064271973394294","0,13807937021934857"
4297,ESP,Spain,2019,"6652003,2","190198,7999999998","47134837,0","0,004035206486446528","0,14112710732403722"
4298,ESP,Spain,2020,"6842202,0","190198,7999999998","47365655,0","0,004015542485372572","0,14445492203158597"
4368,SWE,Sweden,1990,"788767,0","29451,0","8558835,0","0,003417630078765285","0,09215822013159501"
4369,SWE,Sweden,1991,"818218,0","29451,0","8617375,0","0,003417630078765285","0,09494979619663761"
4370,SWE,Sweden,1992,"847669,0","29451,0","8668067,0","0,003397643326937828","0,09779216058205364"
4371,SWE,Sweden,1993,"877120,0","29451,0","8718561,0","0,0033779656986972963","0,10060375789078037"
4372,SWE,Sweden,1994,"906571,0","29451,0","8780745,0","0,003354043421144789","0,10324533966081466"
4373,SWE,Sweden,1995,"936022,0","29451,0","8826939,0","0,0033364907132585825","0,10604151677042291"
4374,SWE,Sweden,1996,"949577,2","13555,199999999953","8840998,0","0,0015332205707998072","0,1074061095817463"
4375,SWE,Sweden,1997,"963132,4","13555,20000000007","8846062,0","0,0015323428662381148","0,10887696694868293"
4376,SWE,Sweden,1998,"976687,6","13555,199999999953","8850974,0","0,0015314924662528614","0,11034803627261813"
4377,SWE,Sweden,1999,"990242,8","13555,20000000007","8857874,0","0,001530299482697549","0,11179237817110517"
4378,SWE,Sweden,2000,"1003798,0","13555,199999999953","8872109,0","0,0015278441687314654","0,11314085523520957"
4379,SWE,Sweden,2001,"1028196,4","24398,400000000023","8895960,0","0,0027426382312870138","0,11558015098988755"
4380,SWE,Sweden,2002,"1052594,8","24398,400000000023","8924958,0","0,0027337271503126426","0,11793834772107611"
4381,SWE,Sweden,2003,"1076993,2","24398,399999999907","8958229,0","0,002723574045718178","0,12022389693319963"
4382,SWE,Sweden,2004,"1101391,6","24398,40000000014","8993531,0","0,0027128832935584633","0,1224648694711788"
4383,SWE,Sweden,2005,"1125790,0","24398,399999999907","9029572,0","0,0027020549811220184","0,1246781132040367"
4384,SWE,Sweden,2006,"1168074,8","42284,80000000005","9080505,0","0,004656657311460106","0,12863544483484124"
4385,SWE,Sweden,2007,"1210359,6","42284,80000000005","9148092,0","0,004622253470997017","0,13230732703606393"
4386,SWE,Sweden,2008,"1252644,4","42284,799999999814","9219637,0","0,0045863844747900395","0,1358669978004557"
4387,SWE,Sweden,2009,"1294929,2","42284,80000000005","9298515,0","0,004547478817854254","0,13926193591127184"
4388,SWE,Sweden,2010,"1337214,0","42284,80000000005","9378126,0","0,0045088752273108774","0,14258861525213032"
4389,SWE,Sweden,2011,"1390275,6","53061,60000000009","9449213,0","0,005615451784185634","0,14713136427340565"
4390,SWE,Sweden,2012,"1443337,2","53061,59999999986","9519374,0","0,005574064008830818","0,15162102045785783"
4391,SWE,Sweden,2013,"1496398,8","53061,60000000009","9600379,0","0,005527031797390509","0,15586872143276845"
4392,SWE,Sweden,2014,"1549460,4","53061,59999999986","9696110,0","0,0054724626680183975","0,15980227122010784"
4393,SWE,Sweden,2015,"1602522,0","53061,60000000009","9799186,0","0,00541489874771232","0,16353623658128338"
4394,SWE,Sweden,2016,"1682799,2","80277,19999999995","9923085,0","0,008089943802758915","0,16958427747016175"
4395,SWE,Sweden,2017,"1763076,4","80277,19999999995","10057698,0","0,007981667375576394","0,17529621589353747"
4396,SWE,Sweden,2018,"1843353,6","80277,20000000019","10175214,0","0,007889485174464162","0,18116116280207964"
4397,SWE,Sweden,2019,"1923630,8","80277,19999999995","10278887,0","0,0078099117151497","0,18714388046098765"
4398,SWE,Sweden,2020,"2003908,0","80277,19999999995","10353442,0","0,0077536726433586","0,1935499324765619"
4430,SYR,Syria,1990,"714140,0","23294,0","12408996,0","0,001822366446176547","0,057550183753786364"
4431,SYR,Syria,1991,"737434,0","23294,0","12782281,0","0,001822366446176547","0,05769189395851961"
4432,SYR,Syria,1992,"760728,0","23294,0","13156406,0","0,0017705443264672738","0,057821870197681646"
4433,SYR,Syria,1993,"784022,0","23294,0","13537060,0","0,0017207576829828632","0,05791671160503093"
4434,SYR,Syria,1994,"807316,0","23294,0","13922626,0","0,0016731039101387914","0,05798590007373609"
4435,SYR,Syria,1995,"830610,0","23294,0","14313450,0","0,0016274203633645278","0,05803003468765392"
4436,SYR,Syria,1996,"831471,2","861,1999999999534","14708879,0","5,854966921680119e-05","0,05652852266987851"
4437,SYR,Syria,1997,"832332,4","861,2000000000698","15103996,0","5,701802357469307e-05","0,05510676777191943"
4438,SYR,Syria,1998,"833193,6","861,1999999999534","15500542,0","5,555934753765084e-05","0,05375254620128767"
4439,SYR,Syria,1999,"834054,8","861,2000000000698","15901201,0","5,415943110209536e-05","0,05245231476540672"
4440,SYR,Syria,2000,"834916,0","861,1999999999534","16307654,0","5,280955801490229e-05","0,05119779951181206"
4441,SYR,Syria,2001,"844412,4","9496,400000000023","16727948,0","0,0005676966475505557","0,050479138266092176"
4442,SYR,Syria,2002,"853908,8","9496,400000000023","17164021,0","0,0005532736181108159","0,0497499274791146"
4443,SYR,Syria,2003,"863405,2","9496,399999999907","17611356,0","0,0005392202621989986","0,04902548105892584"
4444,SYR,Syria,2004,"872901,6","9496,400000000023","18084007,0","0,0005251269809838064","0,04826925802450751"
4445,SYR,Syria,2005,"882398,0","9496,400000000023","18583557,0","0,0005110108898958377","0,04748272895226678"
4446,SYR,Syria,2006,"1062637,4","180239,3999999999","19432009,0","0,009275386811523189","0,05468489645100514"
4447,SYR,Syria,2007,"1242876,8","180239,40000000014","20703005,0","0,008705953556017599","0,06003364245915026"
4448,SYR,Syria,2008,"1423116,2","180239,3999999999","21474059,0","0,008393354977743142","0,06627141147372279"
4449,SYR,Syria,2009,"1603355,6","180239,40000000014","21827220,0","0,008257551809163061","0,07345670222776882"
4450,SYR,Syria,2010,"1783595,0","180239,3999999999","22337563,0","0,008068892743581737","0,07984734055366738"
4451,SYR,Syria,2011,"1594019,2","-189575,80000000005","22730733,0","-0,008340065408361448","0,07012616795067717"
4452,SYR,Syria,2012,"1404443,4","-189575,80000000005","22605577,0","-0,008386240262745783","0,062128181908384816"
4453,SYR,Syria,2013,"1214867,6","-189575,7999999998","21495821,0","-0,008819193274823037","0,05651645498908835"
4454,SYR,Syria,2014,"1025291,8","-189575,80000000005","20072232,0","-0,009444679595174072","0,0510801090780537"
4455,SYR,Syria,2015,"835716,0","-189575,80000000005","19205178,0","-0,009871077477126223","0,04351513951081318"
4456,SYR,Syria,2016,"842315,0","6599,0","18964252,0","0,0003479704867874567","0,04441593583548668"
4457,SYR,Syria,2017,"848914,0","6599,0","18983373,0","0,00034761999355962717","0,0447188178834183"
4458,SYR,Syria,2018,"855513,0","6599,0","19333463,0","0,0003413252969734393","0,044250375631101374"
4459,SYR,Syria,2019,"862112,0","6599,0","20098251,0","0,00032833702793342564","0,04289487677310827"
4460,SYR,Syria,2020,"868711,0","6599,0","20772595,0","0,00031767817164875164","0,04182005185197131"
4678,TUR,Turkey,1990,"1163686,0","10497,399999999907","54324142,0","0,00018975375286698384","0,02142115746623297"
4679,TUR,Turkey,1991,"1174183,4","10497,399999999907","55321172,0","0,00018975375286698384","0,021224846791026045"
4680,TUR,Turkey,1992,"1184680,8","10497,40000000014","56302037,0","0,00018644796102137726","0,02104152643713406"
4681,TUR,Turkey,1993,"1195178,2","10497,399999999907","57296008,0","0,00018321346227122677","0,0208597115526792"
4682,TUR,Turkey,1994,"1205675,6","10497,40000000014","58310245,0","0,00018002668313261486","0,020676908491809632"
4683,TUR,Turkey,1995,"1216173,0","10497,399999999907","59305490,0","0,0001770055352379671","0,020506921028727695"
4684,TUR,Turkey,1996,"1229131,0","12958,0","60293786,0","0,00021491435286548436","0,02038569944836438"
4685,TUR,Turkey,1997,"1242089,0","12958,0","61277426,0","0,0002114644959140418","0,02026992778711038"
4686,TUR,Turkey,1998,"1255047,0","12958,0","62242204,0","0,00020818671523906835","0,020163922858515742"
4687,TUR,Turkey,1999,"1268005,0","12958,0","63185615,0","0,00020507832360261113","0,020067937931758678"
4688,TUR,Turkey,2000,"1280963,0","12958,0","64113547,0","0,00020211017181750996","0,019979599631260458"
4689,TUR,Turkey,2001,"1289592,0","8629,0","65072018,0","0,0001326069217647438","0,0198179192782987"
4690,TUR,Turkey,2002,"1298221,0","8629,0","65988663,0","0,0001307648860835383","0,01967339450414384"
4691,TUR,Turkey,2003,"1306850,0","8629,0","66867327,0","0,00012904658204746243","0,019543924643495917"
4692,TUR,Turkey,2004,"1315479,0","8629,0","67785075,0","0,00012729940919885388","0,0194066171646192"
4693,TUR,Turkey,2005,"1324108,0","8629,0","68704715,0","0,00012559545585772388","0,019272447313113807"
4694,TUR,Turkey,2006,"1334036,2","9928,199999999953","69601333,0","0,0001426438197670719","0,01916681969295042"
4695,TUR,Turkey,2007,"1343964,4","9928,199999999953","70468869,0","0,00014088774434566211","0,01907174641897545"
4696,TUR,Turkey,2008,"1353892,6","9928,200000000186","71320726,0","0,00013920497668518106","0,018983157855123348"
4697,TUR,Turkey,2009,"1363820,8","9928,199999999953","72225639,0","0,00013746088144682187","0,018882779285621827"
4698,TUR,Turkey,2010,"1373749,0","9928,199999999953","73195345,0","0,00013563977326700152","0,01876825636930873"
4699,TUR,Turkey,2011,"1968238,6","594489,6000000001","74173854,0","0,008014813413901886","0,026535477042894388"
4700,TUR,Turkey,2012,"2562728,2","594489,6000000001","75277439,0","0,007897314360016951","0,03404377505456848"
4701,TUR,Turkey,2013,"3157217,8","594489,5999999996","76576117,0","0,007763381368632202","0,0412297975359602"
4702,TUR,Turkey,2014,"3751707,4","594489,6000000001","78112073,0","0,0076107261933760235","0,04802980200000581"
4703,TUR,Turkey,2015,"4346197,0","594489,6000000001","79646178,0","0,007464132177189973","0,054568808060067864"
4704,TUR,Turkey,2016,"4687488,0","341291,0","81019394,0","0,004212460537535","0,05785636955023386"
4705,TUR,Turkey,2017,"5028779,0","341291,0","82089826,0","0,004157531044102834","0,06125946715979152"
4706,TUR,Turkey,2018,"5370070,0","341291,0","82809304,0","0,00412140886970865","0,06484863101856284"
4707,TUR,Turkey,2019,"5711361,0","341291,0","83481684,0","0,004088214128502726","0,06841453988877369"
4708,TUR,Turkey,2020,"6052652,0","341291,0","84135428,0","0,004056448135023453","0,07193939751515854"
