Unnamed: 0,Country Code,Country,Year,Migrantes,Diff,Poblacion Total,Stock de Migrantes cambio anual (% de Poblacion Emisor),% Migrantes (%Poblacion)
496,BEL,Belgium,1990,"-363970,0","-2152,7999999999884","9967379,0","-0,021518346869594186","-3,6516119232548494"
497,BEL,Belgium,1991,"-366122,8","-2152,7999999999884","10004486,0","-0,021518346869594186","-3,6595863095815218"
498,BEL,Belgium,1992,"-368275,6","-2152,7999999999884","10045158,0","-0,021431220892692664","-3,6662001732576033"
499,BEL,Belgium,1993,"-370428,4","-2152,8000000000466","10084475,0","-0,02134766559488765","-3,6732541852699323"
500,BEL,Belgium,1994,"-372581,2","-2152,7999999999884","10115603,0","-0,021281973996013764","-3,683232724732278"
501,BEL,Belgium,1995,"-374734,0","-2152,7999999999884","10136811,0","-0,02123744834544107","-3,6967641993127818"
502,BEL,Belgium,1996,"-379560,0","-4826,0","10156637,0","-0,04751572789300238","-3,737063754469122"
503,BEL,Belgium,1997,"-384386,0","-4826,0","10181245,0","-0,047400882701477076","-3,7754321794633174"
504,BEL,Belgium,1998,"-389212,0","-4826,0","10203008,0","-0,04729977669330456","-3,8146789652620092"
505,BEL,Belgium,1999,"-394038,0","-4826,0","10226419,0","-0,04719149489180915","-3,8531376428053656"
506,BEL,Belgium,2000,"-398864,0","-4826,0","10251250,0","-0,047077185709059874","-3,890881599804902"
507,BEL,Belgium,2001,"-406631,4","-7767,400000000023","10286570,0","-0,07551010686749833","-3,953031963035298"
508,BEL,Belgium,2002,"-414398,8","-7767,399999999965","10332785,0","-0,07517237608253695","-4,0105237842459704"
509,BEL,Belgium,2003,"-422166,2","-7767,400000000023","10376133,0","-0,07485833113357378","-4,0686274934987825"
510,BEL,Belgium,2004,"-429933,6","-7767,399999999965","10421137,0","-0,07453505313287759","-4,125592053918877"
511,BEL,Belgium,2005,"-437701,0","-7767,400000000023","10478617,0","-0,07412619432507193","-4,177087491603138"
512,BEL,Belgium,2006,"-446967,2","-9266,200000000012","10547958,0","-0,08784828305156327","-4,237476106749762"
513,BEL,Belgium,2007,"-456233,4","-9266,200000000012","10625700,0","-0,08720554881090198","-4,293678534120105"
514,BEL,Belgium,2008,"-465499,6","-9266,199999999953","10709973,0","-0,08651935910576015","-4,34641245127322"
515,BEL,Belgium,2009,"-474765,8","-9266,200000000012","10796493,0","-0,08582601776336085","-4,397407565586343"
516,BEL,Belgium,2010,"-484032,0","-9266,200000000012","10895586,0","-0,08504544867986001","-4,442459542790998"
517,BEL,Belgium,2011,"-490384,2","-6352,200000000012","11038264,0","-0,05754709255006051","-4,44258444987364"
518,BEL,Belgium,2012,"-496736,4","-6352,200000000012","11106932,0","-0,05719131079581662","-4,472309725133818"
519,BEL,Belgium,2013,"-503088,6","-6352,199999999953","11159407,0","-0,056922379477690466","-4,508201914313189"
520,BEL,Belgium,2014,"-509440,8","-6352,200000000012","11209057,0","-0,05667024442823346","-4,5449032866903964"
521,BEL,Belgium,2015,"-515793,0","-6352,200000000012","11274196,0","-0,05634282036608209","-4,574986987985662"
522,BEL,Belgium,2016,"-528127,0","-12334,0","11331422,0","-0,10884776862074327","-4,660730136076478"
523,BEL,Belgium,2017,"-540461,0","-12334,0","11375158,0","-0,10842926313638897","-4,7512394992667355"
524,BEL,Belgium,2018,"-552795,0","-12334,0","11427054,0","-0,10793683131277755","-4,83759856214909"
525,BEL,Belgium,2019,"-565129,0","-12334,0","11488980,0","-0,10735504805474463","-4,918878786454498"
526,BEL,Belgium,2020,"-577463,0","-12334,0","11538604,0","-0,10689334689014372","-5,004617542988736"
1147,DNK,Denmark,1990,"-201514,0","-1238,6000000000058","5140939,0","-0,024030430526135776","-3,919789750471655"
1148,DNK,Denmark,1991,"-202752,6","-1238,6000000000058","5154298,0","-0,024030430526135776","-3,933660801141106"
1149,DNK,Denmark,1992,"-203991,2","-1238,6000000000058","5171370,0","-0,023951099998646506","-3,944625892171707"
1150,DNK,Denmark,1993,"-205229,8","-1238,5999999999767","5188628,0","-0,02387143576297967","-3,9553770283782144"
1151,DNK,Denmark,1994,"-206468,4","-1238,6000000000058","5206180,0","-0,0237909561329037","-3,9658329139599475"
1152,DNK,Denmark,1995,"-207707,0","-1238,6000000000058","5233373,0","-0,023667336534200903","-3,9688934841831456"
1153,DNK,Denmark,1996,"-209717,8","-2010,7999999999884","5263074,0","-0,038205809000595246","-3,984701716145355"
1154,DNK,Denmark,1997,"-211728,6","-2010,8000000000175","5284991,0","-0,038047368481800965","-4,006224419303647"
1155,DNK,Denmark,1998,"-213739,4","-2010,7999999999884","5304219,0","-0,037909445292511265","-4,029611145391998"
1156,DNK,Denmark,1999,"-215750,2","-2010,8000000000175","5321799,0","-0,037784215450452324","-4,054083966718773"
1157,DNK,Denmark,2000,"-217761,0","-2010,7999999999884","5339616,0","-0,037658138712596344","-4,078214613185667"
1158,DNK,Denmark,2001,"-219101,2","-1340,2000000000116","5358783,0","-0,02500940978576687","-4,088637289474121"
1159,DNK,Denmark,2002,"-220441,4","-1340,1999999999825","5375931,0","-0,024929635443609353","-4,100525099745514"
1160,DNK,Denmark,2003,"-221781,6","-1340,2000000000116","5390574,0","-0,024861916374768468","-4,114248315671022"
1161,DNK,Denmark,2004,"-223121,8","-1340,1999999999825","5404523,0","-0,024797748108389632","-4,128427245105628"
1162,DNK,Denmark,2005,"-224462,0","-1340,2000000000116","5419432,0","-0,024729528850994192","-4,141799361999561"
1163,DNK,Denmark,2006,"-226275,8","-1813,7999999999884","5437272,0","-0,033358640141600206","-4,161568521861698"
1164,DNK,Denmark,2007,"-228089,6","-1813,8000000000175","5461438,0","-0,033211033431122305","-4,176365272296417"
1165,DNK,Denmark,2008,"-229903,4","-1813,7999999999884","5493621,0","-0,03301647492610044","-4,184915559336911"
1166,DNK,Denmark,2009,"-231717,2","-1813,8000000000175","5523095,0","-0,032840282486540924","-4,195423037264432"
1167,DNK,Denmark,2010,"-233531,0","-1813,7999999999884","5547683,0","-0,032694730394652836","-4,209523146870504"
1168,DNK,Denmark,2011,"-234191,2","-660,2000000000116","5570572,0","-0,011851565691997369","-4,20407814493736"
1169,DNK,Denmark,2012,"-234851,4","-660,1999999999825","5591572,0","-0,011807055332560908","-4,2000961446977705"
1170,DNK,Denmark,2013,"-235511,6","-660,2000000000116","5614932,0","-0,011757934023065847","-4,194380270322063"
1171,DNK,Denmark,2014,"-236171,8","-660,1999999999825","5643475,0","-0,011698465927464595","-4,1848648217631865"
1172,DNK,Denmark,2015,"-236832,0","-660,2000000000116","5683483,0","-0,011616116384970477","-4,167022229150681"
1173,DNK,Denmark,2016,"-240870,6","-4038,600000000006","5728010,0","-0,0705061618258349","-4,205135815056189"
1174,DNK,Denmark,2017,"-244909,2","-4038,600000000006","5764980,0","-0,07005401579884069","-4,248222890625813"
1175,DNK,Denmark,2018,"-248947,8","-4038,5999999999767","5793636,0","-0,06970752045865458","-4,296918204733608"
1176,DNK,Denmark,2019,"-252986,4","-4038,600000000006","5814422,0","-0,06945832277051796","-4,351015457770351"
1177,DNK,Denmark,2020,"-257025,0","-4038,600000000006","5831404,0","-0,0692560488005977","-4,407600639571534"
1612,DEU,Germany,1990,"-2929448,0","-23181,200000000186","79433029,0","-0,028971467656068374","-3,6879469873923605"
1613,DEU,Germany,1991,"-2952629,2","-23181,200000000186","80013896,0","-0,028971467656068374","-3,690145521722877"
1614,DEU,Germany,1992,"-2975810,4","-23181,19999999972","80624598,0","-0,028752019327897577","-3,6909460311355597"
1615,DEU,Germany,1993,"-2998991,6","-23181,200000000186","81156363,0","-0,02856362599689218","-3,6953252821346863"
1616,DEU,Germany,1994,"-3022172,8","-23181,19999999972","81438348,0","-0,02846472278637052","-3,710994726955905"
1617,DEU,Germany,1995,"-3045354,0","-23181,200000000186","81678051,0","-0,028381186519742235","-3,728485147129674"
1618,DEU,Germany,1996,"-3083332,6","-37978,60000000009","81914831,0","-0,04636352115528395","-3,7640712461458907"
1619,DEU,Germany,1997,"-3121311,2","-37978,60000000009","82034771,0","-0,04629573476837047","-3,804863671771571"
1620,DEU,Germany,1998,"-3159289,8","-37978,59999999963","82047195,0","-0,04628872443475932","-3,850576244562657"
1621,DEU,Germany,1999,"-3197268,4","-37978,60000000009","82100243,0","-0,046258815579876045","-3,8943470605805635"
1622,DEU,Germany,2000,"-3235247,0","-37978,60000000009","82211508,0","-0,04619620892977671","-3,9352726628004437"
1623,DEU,Germany,2001,"-3276784,2","-41537,200000000186","82349925,0","-0,0504398759318848","-3,979097977320562"
1624,DEU,Germany,2002,"-3318321,4","-41537,19999999972","82488495,0","-0,05035514346576419","-4,022768750963392"
1625,DEU,Germany,2003,"-3359858,6","-41537,200000000186","82534176,0","-0,05032727291055791","-4,070869502592478"
1626,DEU,Germany,2004,"-3401395,8","-41537,19999999972","82516260,0","-0,0503382000105188","-4,122091573224477"
1627,DEU,Germany,2005,"-3442933,0","-41537,200000000186","82469422,0","-0,050366789281001856","-4,174799479011748"
1628,DEU,Germany,2006,"-3493674,0","-50741,0","82376451,0","-0,061596487083426306","-4,2411076922942454"
1629,DEU,Germany,2007,"-3544415,0","-50741,0","82266372,0","-0,061678908120562315","-4,308461542463547"
1630,DEU,Germany,2008,"-3595156,0","-50741,0","82110097,0","-0,06179629771963368","-4,378457864932251"
1631,DEU,Germany,2009,"-3645897,0","-50741,0","81902307,0","-0,061953077829663576","-4,4515192960315515"
1632,DEU,Germany,2010,"-3696638,0","-50741,0","81776930,0","-0,06204806172107463","-4,520392242653276"
1633,DEU,Germany,2011,"-3683366,0","13272,0","80274983,0","0,016533170738883867","-4,588435727230238"
1634,DEU,Germany,2012,"-3670094,0","13272,0","80425823,0","0,016502162495744682","-4,56332787542628"
1635,DEU,Germany,2013,"-3656822,0","13272,0","80645605,0","0,01645718945254363","-4,5344343315423075"
1636,DEU,Germany,2014,"-3643550,0","13272,0","80982500,0","0,016388725959312195","-4,499181922020189"
1637,DEU,Germany,2015,"-3630278,0","13272,0","81686611,0","0,016247460676266763","-4,444153032618773"
1638,DEU,Germany,2016,"-3675276,0","-44998,0","82348669,0","-0,05464326326877244","-4,463066670816501"
1639,DEU,Germany,2017,"-3720274,0","-44998,0","82657002,0","-0,05443942910002954","-4,500857652688637"
1640,DEU,Germany,2018,"-3765272,0","-44998,0","82905782,0","-0,05427606967147358","-4,541627747989881"
1641,DEU,Germany,2019,"-3810270,0","-44998,0","83092962,0","-0,05415380426563684","-4,585550819574827"
1642,DEU,Germany,2020,"-3855268,0","-44998,0","83160871,0","-0,054109582377991204","-4,635915850376315"
3238,MAR,Morocco,1990,"-1748116,0","-27161,600000000093","24570814,0","-0,1086982142647761","-7,114603529211527"
3239,MAR,Morocco,1991,"-1775277,6","-27161,600000000093","24988083,0","-0,1086982142647761","-7,104496971616431"
3240,MAR,Morocco,1992,"-1802439,2","-27161,59999999986","25400676,0","-0,10693258714846747","-7,096028467903767"
3241,MAR,Morocco,1993,"-1829600,8","-27161,600000000093","25806777,0","-0,10524987293066504","-7,0896137088331495"
3242,MAR,Morocco,1994,"-1856762,4","-27161,59999999986","26201551,0","-0,10366409225163754","-7,086459881707002"
3243,MAR,Morocco,1995,"-1883924,0","-27161,600000000093","26599048,0","-0,10211493283519055","-7,082674537825564"
3244,MAR,Morocco,1996,"-1922541,2","-38617,19999999995","26999093,0","-0,1430314714646153","-7,120762167825416"
3245,MAR,Morocco,1997,"-1961158,4","-38617,19999999995","27397118,0","-0,1409535119715875","-7,158265332871873"
3246,MAR,Morocco,1998,"-1999775,6","-38617,200000000186","27791825,0","-0,13895165214950866","-7,195553368661469"
3247,MAR,Morocco,1999,"-2038392,8","-38617,19999999995","28176997,0","-0,13705222029160863","-7,234244302187348"
3248,MAR,Morocco,2000,"-2077010,0","-38617,19999999995","28554415,0","-0,1352407324751705","-7,2738664055978735"
3249,MAR,Morocco,2001,"-2155739,2","-78729,20000000019","28930097,0","-0,27213596967891324","-7,451545012102795"
3250,MAR,Morocco,2002,"-2234468,4","-78729,19999999972","29301817,0","-0,2686836792407779","-7,625699116201565"
3251,MAR,Morocco,2003,"-2313197,6","-78729,20000000019","29661270,0","-0,2654276098090209","-7,798713945829022"
3252,MAR,Morocco,2004,"-2391926,8","-78729,19999999972","30033125,0","-0,2621412190706086","-7,964295423802883"
3253,MAR,Morocco,2005,"-2470656,0","-78729,20000000019","30431902,0","-0,2587061433097418","-8,118638131786833"
3254,MAR,Morocco,2006,"-2548665,2","-78009,20000000019","30833022,0","-0,2530053654812045","-8,266024653697585"
3255,MAR,Morocco,2007,"-2626674,4","-78009,19999999972","31232633,0","-0,24976824720477367","-8,410031904770884"
3256,MAR,Morocco,2008,"-2704683,6","-78009,20000000019","31634992,0","-0,24659149589796067","-8,549657923099838"
3257,MAR,Morocco,2009,"-2782692,8","-78009,19999999972","32042877,0","-0,24345254641148398","-8,68427888045134"
3258,MAR,Morocco,2010,"-2860702,0","-78009,20000000019","32464865,0","-0,24028807758787904","-8,811686110507468"
3259,MAR,Morocco,2011,"-2882915,6","-22213,600000000093","32903699,0","-0,06751095066849504","-8,76167630879434"
3260,MAR,Morocco,2012,"-2905129,2","-22213,600000000093","33352169,0","-0,06660316454980812","-8,710465577216283"
3261,MAR,Morocco,2013,"-2927342,8","-22213,599999999627","33803527,0","-0,06571385287694868","-8,659873864641403"
3262,MAR,Morocco,2014,"-2949556,4","-22213,600000000093","34248603,0","-0,06485987180265453","-8,612194780616306"
3263,MAR,Morocco,2015,"-2971770,0","-22213,600000000093","34680458,0","-0,06405221061382779","-8,569004480852012"
3264,MAR,Morocco,2016,"-3029860,4","-58090,39999999991","35107264,0","-0,1654654717610575","-8,630294858636663"
3265,MAR,Morocco,2017,"-3087950,8","-58090,39999999991","35528115,0","-0,16350543787645336","-8,691569479551617"
3266,MAR,Morocco,2018,"-3146041,2","-58090,40000000037","35927511,0","-0,16168779406956515","-8,756635548730332"
3267,MAR,Morocco,2019,"-3204131,6","-58090,39999999991","36304408,0","-0,16000921981705335","-8,825737084047756"
3268,MAR,Morocco,2020,"-3262222,0","-58090,39999999991","36688772,0","-0,1583329090436712","-8,891608582593062"
3827,POL,Poland,1990,"-1673426,0","-20469,600000000093","38110782,0","-0,05352062099357207","-4,390951620987468"
3828,POL,Poland,1991,"-1693895,6","-20469,600000000093","38246193,0","-0,05352062099357207","-4,428926037161398"
3829,POL,Poland,1992,"-1714365,2","-20469,59999999986","38363667,0","-0,053356734641659416","-4,468720886353226"
3830,POL,Poland,1993,"-1734834,8","-20469,600000000093","38461408,0","-0,053221140526108913","-4,5105857799069655"
3831,POL,Poland,1994,"-1755304,4","-20469,59999999986","38542652,0","-0,053108955761528444","-4,554186878474268"
3832,POL,Poland,1995,"-1775774,0","-20469,600000000093","38594998,0","-0,053036924629456104","-4,601047006143127"
3833,POL,Poland,1996,"-1830144,4","-54370,39999999991","38624370,0","-0,1407670856508466","-4,738315213943943"
3834,POL,Poland,1997,"-1884514,8","-54370,40000000014","38649660,0","-0,1406749761834907","-4,875889723221369"
3835,POL,Poland,1998,"-1938885,2","-54370,39999999991","38663481,0","-0,14062468922547328","-5,014771432505004"
3836,POL,Poland,1999,"-1993255,6","-54370,40000000014","38660271,0","-0,14063636543054792","-5,155824179297657"
3837,POL,Poland,2000,"-2047626,0","-54370,39999999991","38258629,0","-0,14211277670195632","-5,352063190764102"
3838,POL,Poland,2001,"-2215032,2","-167406,2000000002","38248076,0","-0,4376852838297022","-5,791225158619744"
3839,POL,Poland,2002,"-2382438,4","-167406,19999999972","38230364,0","-0,4378880619603824","-6,231796275860726"
3840,POL,Poland,2003,"-2549844,6","-167406,2000000002","38204570,0","-0,438183704200833","-6,674187407422724"
3841,POL,Poland,2004,"-2717250,8","-167406,19999999972","38182222,0","-0,43844017249703204","-7,116533972276416"
3842,POL,Poland,2005,"-2884657,0","-167406,2000000002","38165445,0","-0,4386329047126273","-7,5582952065670925"
3843,POL,Poland,2006,"-3050993,2","-166336,2000000002","38141267,0","-0,4361055965969882","-7,99919205620516"
3844,POL,Poland,2007,"-3217329,4","-166336,19999999972","38120560,0","-0,4363424881481272","-8,43987968697207"
3845,POL,Poland,2008,"-3383665,6","-166336,2000000002","38125759,0","-0,4362829865236261","-8,875011773536103"
3846,POL,Poland,2009,"-3550001,8","-166336,19999999972","38151603,0","-0,4359874472377995","-9,304987263575793"
3847,POL,Poland,2010,"-3716338,0","-166336,2000000002","38042794,0","-0,43723444708083264","-9,768835590782317"
3848,POL,Poland,2011,"-3788478,0","-72140,0","38063255,0","-0,18952661825689895","-9,953110946502079"
3849,POL,Poland,2012,"-3860618,0","-72140,0","38063164,0","-0,1895270713701047","-10,142661813400483"
3850,POL,Poland,2013,"-3932758,0","-72140,0","38040196,0","-0,1896415044759496","-10,338427278345254"
3851,POL,Poland,2014,"-4004898,0","-72140,0","38011735,0","-0,18978349712266487","-10,535951594948244"
3852,POL,Poland,2015,"-4077038,0","-72140,0","37986412,0","-0,18991001308573183","-10,732885222221041"
3853,POL,Poland,2016,"-4226649,6","-149611,59999999963","37970087,0","-0,39402490702747045","-11,131524665719095"
3854,POL,Poland,2017,"-4376261,2","-149611,60000000056","37974826,0","-0,3939757353990261","-11,524111262550619"
3855,POL,Poland,2018,"-4525872,8","-149611,59999999963","37974750,0","-0,3939765238744156","-11,918110849972678"
3856,POL,Poland,2019,"-4675484,4","-149611,60000000056","37965475,0","-0,394072772696774","-12,315095227966989"
3857,POL,Poland,2020,"-4825096,0","-149611,59999999963","37899070,0","-0,3947632488079513","-12,731436417832946"
3920,ROU,Romania,1990,"-811853,0","-32975,80000000005","23201835,0","-0,14336584401957228","-3,4990896194201886"
3921,ROU,Romania,1991,"-844828,8","-32975,80000000005","23001155,0","-0,14336584401957228","-3,6729842479649397"
3922,ROU,Romania,1992,"-877804,6","-32975,79999999993","22794284,0","-0,14466697001757076","-3,850985624290721"
3923,ROU,Romania,1993,"-910780,4","-32975,80000000005","22763280,0","-0,1448640090531771","-4,001094745572694"
3924,ROU,Romania,1994,"-943756,2","-32975,79999999993","22730211,0","-0,14507476415419077","-4,151990494060966"
3925,ROU,Romania,1995,"-976732,0","-32975,80000000005","22684270,0","-0,14536857478772758","-4,305767829425412"
3926,ROU,Romania,1996,"-1009150,6","-32418,599999999977","22619004,0","-0,1433246132323067","-4,461516519471856"
3927,ROU,Romania,1997,"-1041569,2","-32418,599999999977","22553978,0","-0,14373783640296173","-4,618117477989914"
3928,ROU,Romania,1998,"-1073987,8","-32418,600000000093","22507344,0","-0,14403565342938773","-4,771721621173961"
3929,ROU,Romania,1999,"-1106406,4","-32418,59999999986","22472040,0","-0,14426193616600835","-4,923480022285471"
3930,ROU,Romania,2000,"-1138825,0","-32418,600000000093","22442971,0","-0,1444487897792146","-5,074305892923"
3931,ROU,Romania,2001,"-1332241,2","-193416,19999999995","22131970,0","-0,8739222039429836","-6,01953282965773"
3932,ROU,Romania,2002,"-1525657,4","-193416,19999999995","21730496,0","-0,8900680407847108","-7,020812594429506"
3933,ROU,Romania,2003,"-1719073,6","-193416,2000000002","21574326,0","-0,8965109732744383","-7,9681450998747305"
3934,ROU,Romania,2004,"-1912489,8","-193416,19999999995","21451748,0","-0,9016337503125617","-8,915309838620145"
3935,ROU,Romania,2005,"-2105906,0","-193416,19999999995","21319685,0","-0,9072188449313391","-9,87775382234775"
3936,ROU,Romania,2006,"-2357397,0","-251491,0","21193760,0","-1,1866275733989626","-11,123071130370448"
3937,ROU,Romania,2007,"-2608888,0","-251491,0","20882982,0","-1,204286820723209","-12,492890143754373"
3938,ROU,Romania,2008,"-2860379,0","-251491,0","20537875,0","-1,2245229849728856","-13,927336688922296"
3939,ROU,Romania,2009,"-3111870,0","-251491,0","20367487,0","-1,2347669597137831","-15,278615373609911"
3940,ROU,Romania,2010,"-3363361,0","-251491,0","20246871,0","-1,242122795171659","-16,611756947530314"
3941,ROU,Romania,2011,"-3374831,6","-11470,600000000093","20147528,0","-0,05693303913016075","-16,750598882403835"
3942,ROU,Romania,2012,"-3386302,2","-11470,600000000093","20058035,0","-0,05718705745602744","-16,882522141376263"
3943,ROU,Romania,2013,"-3397772,8","-11470,599999999627","19983693,0","-0,05739980092768453","-17,002727173600995"
3944,ROU,Romania,2014,"-3409243,4","-11470,600000000093","19908979,0","-0,057615209700106126","-17,124149862230503"
3945,ROU,Romania,2015,"-3420714,0","-11470,600000000093","19815616,0","-0,05788666877678743","-17,262718453970848"
3946,ROU,Romania,2016,"-3533989,8","-113275,79999999981","19702267,0","-0,5749378992782902","-17,93697040041128"
3947,ROU,Romania,2017,"-3647265,6","-113275,80000000028","19588715,0","-0,5782707033105554","-18,619218259084377"
3948,ROU,Romania,2018,"-3760541,4","-113275,79999999981","19473970,0","-0,5816780040228049","-19,310604874096036"
3949,ROU,Romania,2019,"-3873817,2","-113275,80000000028","19371648,0","-0,5847504559240405","-19,997354897218862"
3950,ROU,Romania,2020,"-3987093,0","-113275,79999999981","19265250,0","-0,5879799120177511","-20,695776073500213"
4268,ESP,Spain,1990,"-1439004,0","15319,0","38867322,0","0,03931338136243411","-3,7023492382624146"
4269,ESP,Spain,1991,"-1423685,0","15319,0","38966376,0","0,03931338136243411","-3,6536243452560226"
4270,ESP,Spain,1992,"-1408366,0","15319,0","39157685,0","0,03912131169143426","-3,596652866480743"
4271,ESP,Spain,1993,"-1393047,0","15319,0","39361262,0","0,03891897571780092","-3,5391319516127306"
4272,ESP,Spain,1994,"-1377728,0","15319,0","39549108,0","0,03873412265075612","-3,483588049571181"
4273,ESP,Spain,1995,"-1362409,0","15319,0","39724050,0","0,038563540223114215","-3,4296830257740587"
4274,ESP,Spain,1996,"-1348050,0","14359,0","39889852,0","0,03599662390324236","-3,37943093897666"
4275,ESP,Spain,1997,"-1333691,0","14359,0","40057389,0","0,03584607074614873","-3,329450653910568"
4276,ESP,Spain,1998,"-1319332,0","14359,0","40223509,0","0,0356980292296229","-3,2800022494307997"
4277,ESP,Spain,1999,"-1304973,0","14359,0","40386875,0","0,03555362973738374","-3,2311809220198393"
4278,ESP,Spain,2000,"-1290614,0","14359,0","40567864,0","0,03539501118422207","-3,1813703575815575"
4279,ESP,Spain,2001,"-1255384,2","35229,80000000005","40850412,0","0,08624099066614076","-3,0731249417998523"
4280,ESP,Spain,2002,"-1220154,4","35229,80000000005","41431558,0","0,08503131839744005","-2,9449879726946304"
4281,ESP,Spain,2003,"-1184924,6","35229,799999999814","42187645,0","0,08350738705609145","-2,8087005093552864"
4282,ESP,Spain,2004,"-1149694,8","35229,80000000005","42921895,0","0,08207885509248845","-2,67857418690391"
4283,ESP,Spain,2005,"-1114465,0","35229,80000000005","43653155,0","0,08070390330320923","-2,5529998919894794"
4284,ESP,Spain,2006,"-1108986,2","5478,800000000047","44397319,0","0,012340384787649107","-2,4978674951070805"
4285,ESP,Spain,2007,"-1103507,4","5478,800000000047","45226803,0","0,012114055463969113","-2,439941200354135"
4286,ESP,Spain,2008,"-1098028,6","5478,799999999814","45954106,0","0,011922329639052959","-2,389402592229735"
4287,ESP,Spain,2009,"-1092549,8","5478,800000000047","46362946,0","0,011817195568202345","-2,3565150497554663"
4288,ESP,Spain,2010,"-1087071,0","5478,800000000047","46576897,0","0,011762913274364427","-2,333927483404487"
4289,ESP,Spain,2011,"-1123513,4","-36442,39999999991","46742697,0","-0,07796383678930617","-2,403612696973818"
4290,ESP,Spain,2012,"-1159955,8","-36442,40000000014","46773055,0","-0,07791323444662775","-2,4799658692381756"
4291,ESP,Spain,2013,"-1196398,2","-36442,39999999991","46620045,0","-0,07816895071637084","-2,5662742281780293"
4292,ESP,Spain,2014,"-1232840,6","-36442,40000000014","46480882,0","-0,07840298727549994","-2,652360598492946"
4293,ESP,Spain,2015,"-1269283,0","-36442,39999999991","46444832,0","-0,07846384286630621","-2,7328831763241173"
4294,ESP,Spain,2016,"-1313391,0","-44108,0","46484062,0","-0,09488843724543694","-2,825465209989609"
4295,ESP,Spain,2017,"-1357499,0","-44108,0","46593236,0","-0,09466610131994266","-2,9135108795620033"
4296,ESP,Spain,2018,"-1401607,0","-44108,0","46797754,0","-0,09425238655684202","-2,995030488001625"
4297,ESP,Spain,2019,"-1445715,0","-44108,0","47134837,0","-0,09357834418733643","-3,0671899851907836"
4298,ESP,Spain,2020,"-1489823,0","-44108,0","47365655,0","-0,09312232671542281","-3,145365560763384"
4368,SWE,Sweden,1990,"-205942,0","-3942,600000000006","8558835,0","-0,04575175154847046","-2,4061919642100826"
4369,SWE,Sweden,1991,"-209884,6","-3942,600000000006","8617375,0","-0,04575175154847046","-2,435597847372315"
4370,SWE,Sweden,1992,"-213827,2","-3942,600000000006","8668067,0","-0,04548418926618825","-2,4668383389283908"
4371,SWE,Sweden,1993,"-217769,8","-3942,5999999999767","8718561,0","-0,04522076521572742","-2,4977722814579146"
4372,SWE,Sweden,1994,"-221712,4","-3942,600000000006","8780745,0","-0,0449005181223234","-2,524983927901334"
4373,SWE,Sweden,1995,"-225655,0","-3942,600000000006","8826939,0","-0,04466554034190115","-2,5564354755368766"
4374,SWE,Sweden,1996,"-231846,0","-6191,0","8840998,0","-0,07002603099785794","-2,622396249835143"
4375,SWE,Sweden,1997,"-238037,0","-6191,0","8846062,0","-0,0699859440279754","-2,690880981842542"
4376,SWE,Sweden,1998,"-244228,0","-6191,0","8850974,0","-0,06994710412661928","-2,759334735363588"
4377,SWE,Sweden,1999,"-250419,0","-6191,0","8857874,0","-0,0698926175739235","-2,8270779196001206"
4378,SWE,Sweden,2000,"-256610,0","-6191,0","8872109,0","-0,06978047722362293","-2,8923224455425425"
4379,SWE,Sweden,2001,"-258878,6","-2268,600000000006","8895960,0","-0,02550146358571763","-2,9100692898799005"
4380,SWE,Sweden,2002,"-261147,2","-2268,600000000006","8924958,0","-0,025418607011932222","-2,9260328171852463"
4381,SWE,Sweden,2003,"-263415,8","-2268,5999999999767","8958229,0","-0,025324201915356","-2,9404896883078115"
4382,SWE,Sweden,2004,"-265684,4","-2268,600000000035","8993531,0","-0,02522479769069607","-2,954172282277117"
4383,SWE,Sweden,2005,"-267953,0","-2268,5999999999767","9029572,0","-0,025124114409852173","-2,967504993592166"
4384,SWE,Sweden,2006,"-272743,2","-4790,200000000012","9080505,0","-0,052752572681805825","-3,0036126845368183"
4385,SWE,Sweden,2007,"-277533,4","-4790,200000000012","9148092,0","-0,05236283150628581","-3,0337845312443297"
4386,SWE,Sweden,2008,"-282323,6","-4790,199999999953","9219637,0","-0,05195649243023291","-3,062198652723529"
4387,SWE,Sweden,2009,"-287113,8","-4790,200000000012","9298515,0","-0,05151575278418126","-3,087738203358278"
4388,SWE,Sweden,2010,"-291904,0","-4790,200000000012","9378126,0","-0,05107843507327596","-3,1126047997222472"
4389,SWE,Sweden,2011,"-294004,8","-2100,7999999999884","9449213,0","-0,022232539365976706","-3,1114210252218886"
4390,SWE,Sweden,2012,"-296105,6","-2100,7999999999884","9519374,0","-0,022068678045425977","-3,11055747993513"
4391,SWE,Sweden,2013,"-298206,4","-2100,8000000000466","9600379,0","-0,021882469431676047","-3,1061940367145926"
4392,SWE,Sweden,2014,"-300307,2","-2100,7999999999884","9696110,0","-0,02166642086362457","-3,0971925854801565"
4393,SWE,Sweden,2015,"-302408,0","-2100,7999999999884","9799186,0","-0,021438515403218065","-3,086052249646042"
4394,SWE,Sweden,2016,"-307442,6","-5034,599999999977","9923085,0","-0,050736237772829484","-3,0982562378534495"
4395,SWE,Sweden,2017,"-312477,2","-5034,600000000035","10057698,0","-0,05005718008236114","-3,1068461192610872"
4396,SWE,Sweden,2018,"-317511,8","-5034,599999999977","10175214,0","-0,04947905763947546","-3,120443461926206"
4397,SWE,Sweden,2019,"-322546,4","-5034,600000000035","10278887,0","-0,048980011162687506","-3,137950636095134"
4398,SWE,Sweden,2020,"-327581,0","-5034,599999999977","10353442,0","-0,04862730674494508","-3,1639816014809377"
4430,SYR,Syria,1990,"-620285,0","-8198,599999999977","12408996,0","-0,0641403517885421","-4,998671931234404"
4431,SYR,Syria,1991,"-628483,6","-8198,599999999977","12782281,0","-0,0641403517885421","-4,916834483610554"
4432,SYR,Syria,1992,"-636682,2","-8198,599999999977","13156406,0","-0,06231641072797523","-4,8393322614093846"
4433,SYR,Syria,1993,"-644880,8","-8198,600000000093","13537060,0","-0,060564110671003105","-4,763817254263481"
4434,SYR,Syria,1994,"-653079,4","-8198,599999999977","13922626,0","-0,0588868795297667","-4,690777443852905"
4435,SYR,Syria,1995,"-661278,0","-8198,599999999977","14313450,0","-0,05727899283540989","-4,61997631598252"
4436,SYR,Syria,1996,"-670436,4","-9158,400000000023","14708879,0","-0,06226443225211128","-4,5580387193340846"
4437,SYR,Syria,1997,"-679594,8","-9158,400000000023","15103996,0","-0,06063560927849838","-4,499437102605166"
4438,SYR,Syria,1998,"-688753,2","-9158,399999999907","15500542,0","-0,059084385565355765","-4,443413656116024"
4439,SYR,Syria,1999,"-697911,6","-9158,400000000023","15901201,0","-0,057595649536157825","-4,389049607007672"
4440,SYR,Syria,2000,"-707070,0","-9158,400000000023","16307654,0","-0,05616013192332891","-4,335816788852646"
4441,SYR,Syria,2001,"-728328,2","-21258,199999999953","16727948,0","-0,1270819349749291","-4,353960210780186"
4442,SYR,Syria,2002,"-749586,4","-21258,20000000007","17164021,0","-0,12385326258922702","-4,367195775395521"
4443,SYR,Syria,2003,"-770844,6","-21258,199999999953","17611356,0","-0,12070734360261615","-4,376974720174869"
4444,SYR,Syria,2004,"-792102,8","-21258,20000000007","18084007,0","-0,11755248712301467","-4,380128806630079"
4445,SYR,Syria,2005,"-813361,0","-21258,199999999953","18583557,0","-0,11439252453122915","-4,376777814925313"
4446,SYR,Syria,2006,"-862153,2","-48792,19999999995","19432009,0","-0,2510918968800393","-4,436768220928674"
4447,SYR,Syria,2007,"-910945,4","-48792,20000000007","20703005,0","-0,2356768981121343","-4,400063662255793"
4448,SYR,Syria,2008,"-959737,6","-48792,19999999995","21474059,0","-0,22721461275672172","-4,469288270093698"
4449,SYR,Syria,2009,"-1008529,8","-48792,20000000007","21827220,0","-0,2235383159192974","-4,620514201991825"
4450,SYR,Syria,2010,"-1057322,0","-48792,19999999995","22337563,0","-0,21843116905814638","-4,7333811660654295"
4451,SYR,Syria,2011,"-2135426,2","-1078104,2000000002","22730733,0","-4,742936358453553","-9,394444956966414"
4452,SYR,Syria,2012,"-3213530,4","-1078104,1999999997","22605577,0","-4,76919567237766","-14,215653066497705"
4453,SYR,Syria,2013,"-4291634,6","-1078104,1999999997","21495821,0","-5,015412995856263","-19,964971796145864"
4454,SYR,Syria,2014,"-5369738,8","-1078104,2000000002","20072232,0","-5,371122653424892","-26,752076201590334"
4455,SYR,Syria,2015,"-6447843,0","-1078104,2000000002","19205178,0","-5,61361212064788","-33,573461282160466"
4456,SYR,Syria,2016,"-6849717,2","-401874,2000000002","18964252,0","-2,119114426448247","-36,11910029459638"
4457,SYR,Syria,2017,"-7251591,4","-401874,2000000002","18983373,0","-2,1169799487161747","-38,19969928421045"
4458,SYR,Syria,2018,"-7653465,6","-401874,19999999925","19333463,0","-2,078645713910639","-39,586625531080486"
4459,SYR,Syria,2019,"-8055339,8","-401874,2000000002","20098251,0","-1,9995481198836664","-40,07980495417238"
4460,SYR,Syria,2020,"-8457214,0","-401874,2000000002","20772595,0","-1,93463647656925","-40,71332445464806"
4678,TUR,Turkey,1990,"-2512944,0","-51757,39999999991","54324142,0","-0,09355803235694267","-4,625832838740463"
4679,TUR,Turkey,1991,"-2564701,4","-51757,39999999991","55321172,0","-0,09355803235694267","-4,6360214494371155"
4680,TUR,Turkey,1992,"-2616458,8","-51757,39999999991","56302037,0","-0,09192811265425425","-4,647183191613475"
4681,TUR,Turkey,1993,"-2668216,2","-51757,40000000037","57296008,0","-0,09033334399143544","-4,656897213502204"
4682,TUR,Turkey,1994,"-2719973,6","-51757,39999999991","58310245,0","-0,08876210346912435","-4,66465815741299"
4683,TUR,Turkey,1995,"-2771731,0","-51757,39999999991","59305490,0","-0,08727252738321513","-4,673649943706729"
4684,TUR,Turkey,1996,"-2786851,6","-15120,600000000093","60293786,0","-0,025078206235050644","-4,622120760504242"
4685,TUR,Turkey,1997,"-2801972,2","-15120,600000000093","61277426,0","-0,024675644828815253","-4,572601009709514"
4686,TUR,Turkey,1998,"-2817092,8","-15120,599999999627","62242204,0","-0,024293162883498837","-4,526017105692466"
4687,TUR,Turkey,1999,"-2832213,4","-15120,600000000093","63185615,0","-0,023930446827177505","-4,482370552221419"
4688,TUR,Turkey,2000,"-2847334,0","-15120,600000000093","64113547,0","-0,02358409526148989","-4,4410801355289236"
4689,TUR,Turkey,2001,"-2793328,2","54005,799999999814","65072018,0","0,08299389147574894","-4,29267185167056"
4690,TUR,Turkey,2002,"-2739322,4","54005,80000000028","65988663,0","0,08184102775351014","-4,151201548059854"
4691,TUR,Turkey,2003,"-2685316,6","54005,799999999814","66867327,0","0,08076560320707872","-4,0158874602539445"
4692,TUR,Turkey,2004,"-2631310,8","54005,80000000028","67785075,0","0,07967211071168731","-3,8818439014783115"
4693,TUR,Turkey,2005,"-2577305,0","54005,799999999814","68704715,0","0,07860566774783916","-3,7512782055787586"
4694,TUR,Turkey,2006,"-2603630,0","-26325,0","69601333,0","-0,03782255147325986","-3,7407760566884543"
4695,TUR,Turkey,2007,"-2629955,0","-26325,0","70468869,0","-0,03735692139460901","-3,732080615626171"
4696,TUR,Turkey,2008,"-2656280,0","-26325,0","71320726,0","-0,03691072914765337","-3,7244152562328097"
4697,TUR,Turkey,2009,"-2682605,0","-26325,0","72225639,0","-0,03644827566011566","-3,7142004378805153"
4698,TUR,Turkey,2010,"-2708930,0","-26325,0","73195345,0","-0,03596540189816716","-3,7009593984426195"
4699,TUR,Turkey,2011,"-2781850,8","-72920,79999999981","74173854,0","-0,09831065269980419","-3,750446619640392"
4700,TUR,Turkey,2012,"-2854771,6","-72920,80000000028","75277439,0","-0,09686939535761874","-3,792333583505677"
4701,TUR,Turkey,2013,"-2927692,4","-72920,79999999981","76576117,0","-0,09522655738733764","-3,8232447853160276"
4702,TUR,Turkey,2014,"-3000613,2","-72920,80000000028","78112073,0","-0,09335407088735218","-3,8414205189510207"
4703,TUR,Turkey,2015,"-3073534,0","-72920,79999999981","79646178,0","-0,09155593128398429","-3,858984922038569"
4704,TUR,Turkey,2016,"-3141108,8","-67574,79999999981","81019394,0","-0,08340570900838855","-3,8769838243914787"
4705,TUR,Turkey,2017,"-3208683,6","-67574,80000000028","82089826,0","-0,08231811820383232","-3,9087469865023228"
4706,TUR,Turkey,2018,"-3276258,4","-67574,79999999981","82809304,0","-0,08160290780852332","-3,956389248241961"
4707,TUR,Turkey,2019,"-3343833,2","-67574,80000000028","83481684,0","-0,08094565988870119","-4,005469271559017"
4708,TUR,Turkey,2020,"-3411408,0","-67574,79999999981","84135428,0","-0,08031670083142599","-4,054662917980282"
